Question,Answer 1,Answer 2,Answer 3,correct
"When entering a tunnel during daytime, the driver should:",Turn on the regular headlights (low beam) and speed up,Turn on the regular headlights (low beam)  and slow down,Sound the horn,2
"At night, when driving behind another vehicle, you should:","Turn on the normal headlights (low
beam)",Turn on the high beam,Not use car headlights,1
"If a car approaches from the other direction while your high beam is on, you should:",Switch to normal headlights (low beam) immediately,Turn off lights,Switch between high and low beam repetitively,1
"When filling up your car with gas, you should:",Keep the engine running,Not care as it does not pose any threat,Turn off the engine,3
"If the traffic light turns yellow when your vehicle has already entered the intersection, you should:",Stop immediately in the middle of the intersection,Continue forward cautiously,Stare at the traffic light,2
"If you feel sleepy while driving, you should:",Take amphetamines and continue driving,Not be concerned as it will pass,Stop immediately at the side of the road to get some rest,3
"When approaching an intersection that has a traffic policeman regulating traffic and an active traffic light and fixed traffic sign, you should:",Follow the traffic policeman’s instructions,Follow the traffic lights,Heed the fixed traffic sign,1
"The moment you enter your vehicle, you should first perform the following necessary adjustments in order:","Fasten the seat belt, adjust the mirrors, and adjust your seat","Fasten the seat belt, adjust the seat, and adjust the mirrors","Adjust the seat, adjust the mirrors, and fasten the seat belt",3
"Everyday prior to driving the vehicle, the driver should:",Do a routine check of the various vehicle systems,Should not perform any routine checks as long as the engine is running,Listen to the weather forecast,1
It is okay while driving for the driver to:,Read the newspaper,Use the phone,"Listen to the radio at a
low volume",3
"The driver and passengers should
fasten their seat belt:","Before turning on
the car engine",Prior to setting off,"After a minute from
setting off",1
The purpose of the head rest is,To rest the head during the car trip,"To protect the neck in a rear end
collision","To be used as a pillow for sleeping during
long trips",2
The driver's ability to focus is impaired during driving due to:,Having an abundance in energy,Being sleepy and tired,Driving inside the city,2
Using a cell phone while driving impacts the drivers' ability to drive in a:,Positive way,Negative way,Both positive and negative way,2
The first advice for a driver that cosumed some alcohol is to:,Drive at low speeds,Refrain from driving until the side effects of alcohol have disappeared,Not to be bothered,2
"Driving under the influence of sleeping
medication is:",Delightful,Not dangerous,Dangerous,3
"If the gas pedal gets stuck while driving, the driver should immediately:",Pull the handbrake up,Change to a lower gear,"Put the gear on neutral, turn off the engine and stop on the side of the road",3
"If the car hood accidentally releases while driving down the road, you should immediately:",Increase your speed a little,Reduce your speed gradually and pull to the side of the road,Press firmly on the brakes,2
"To avoid being late during heavy rain, the driver should start his journey:",A bit earlier than usual,A bit later than usual,With good spirits,1
"Before stepping into the vehicle, the driver should:","Make sure he has
enough time on his hands",Look around and under the vehicle,Fasten the seatbelt,2
"While driving in heavy traffic, the driver should glance at his mirrors
every:",45 seconds,30 seconds,4 to 8 seconds,3
"Before turning right, the driver should glance at:",The left-side mirror only,The right-side mirror only,"All the mirrors, especially the right-side mirror and blind
spots",3
The biggest threat that vehicles parked on the right-side pavement pose to drivers passing close to them is:,"Pedestrians, and children, appearing suddenly from between these parked vehicles",Trash being thrown from them towards the passing vehicles,Loud sounds from the radios of these vehicles,1
The threat that vehicles parked on the right-side pavement bring  to drivers passing close to them is:,The alarm that would go off as the drivers cross next to these vehicles,The oppening of a car trunk,The fact that any of these parked vehicles could take off and join traffic at any time,3
"As a cautious driver, you should:","Take the right of
way by force as it is your right","Yield the right of
way to prevent road collisions",Never yield your right of way,2
"While driving and prior to hitting your brakes, you should first look:","In the mirrors, namely the rear-
view mirror",To your right,To your left,1
"When strong braking is applied, ABS in modern vehicles:","Should not make noise or cause the brake pedal to
pulsate","Would normally make noise and cause the brake
pedal to pulsate",Would normally cause the brake pedal to pulsate,2
"One of the benefits of  ABS in modern vehicles when strong braking is applied, is:",Preventing brakes from locking-up and allows the driver to maintain steering control of the vehicle,Preventing brakes locking-up only,Not preventing brakes locking-up and not helping the driver maintain steering control of the vehicle,1
"If your vehicle is beginning to lose traction on a slippery surface, you should spontaneously:","Press on the brakes and steer your vehicle in the opposite direction
to your vehicle's rear",Get your foot off the accelerator (don't press on the brakes) and steer your vehicle in the same direction,Increase your speed,2
"If you leave a safe distance between your vehicle and the vehicle in front, you will be able to:","Avoid a collision with that vehicle should it make a
sudden stoop",Enjoy the view surrounding you,Read the plate number of that vehicle,1
"When the vehicle in front immediately takes off the moment a red light turns green, you should:",Take off immediately after it and fast,Sound your horn,Make sure the road is empty then take off,3
"When approaching an intersection with a flashing yellow traffic light,   you
should:",Provide right of way,Stop,Fasten the seatbelt,1
The seat belt must be used:,By all passengers,"By front-seat
passengers only","Not absolutely
necessary",1
"If your vehicle suddenly malfunctions while driving on a highway, you should",Leave the highway from the nearest exit,"Stop the car
immediately in the place your at",Keep on driving to your destination,1
"The driver should hold the steering
wheel:",With one hand,With both hands,With his fingertips,2
Passengers of a loaded truck should not exceed:,One passenger,"The authorized number of
passengers",Are not entitled to transport passengers,2
"Upon coupling the trailer with the tractor, the driver should make sure that the:",Trailer brake is applied and its legs are lowered to the ground,"Trailer brake is released and its legs lowered  are lowered to the
ground",One leg is lowered to the ground,1
"After coupling the trailer with the tractor, the driver should make sure that the:",Air pipes and electric lines are connected properly,Air pipes only are connected properly,Electric lines only are connected properly,1
"When coupling the trailer to the
tractor, the driver should:","Reverse slowly
above the trailer","Reverse quickly
below the trailer","Reverse slowly below
the trailer",3
"When uncoupling the trailer from the tractor, the driver must select a place:",With a plane area and soft ground,With an incline and solid ground,With an incline and soft ground,1
"Upon uncoupling the trailer from the tractor, the driver should:",Apply the trailer brake and lower its legs to the maximum,Release the trailer brake and lower its legs to the maximum,"Apply the trailer brake firmly and not lower its legs to the
maximum",1
The heavy vehicle driver has numerous blind spots around his vehicle. The count of these blindspots is :,At least four,At least eight,Three,1
"The heavy vehicle driver should pay attention to the height of his vehicle
especially:",When driving on freeways,"When driving under a bridge or into a
tunnel",When driving over a bridge,2
"The heavy vehicle driver should give special care for the width of his vehicle
especially:",When overtaking another vehicle,When driving on the freeway,When taking a rest,1
The heavy vehicle driver should:,Reverse in crowded places,Reverse immediately after an intersection,Avoid reversing in crowded places,3
"Dealing with heavy vehicles differs from smaller vehicles, thus when turning to the right, the driver of a
heavy vehicle should:",Not allow enough distance to his right side,Allow enough distance in the front,Allow enough distance to his right side,3
"In order to avoid your heavy vehicle's rear left wheels from crossing the center line as you negotiate a left hand turn, you should:",Take the extreme left at the turn,Take the right a bit at the turn,Increase your speed at the turn,2
"In order to avoid your heavy vehicle's rear right wheels from skidding off the road as you negotiate a right hand turn, you should:",Take to the right at the turn,Increase your speed at the turn,Drive in the middle of the lane,3
"As you approach a hill top, you should always expect              behind the peak",Obstacles,No obstacles,A straight stretch of road,1
"While driving your heavy vehicle downhill and in order to keep control of your vehicle, you should mainly
depend on using:",The brakes,The hand brake,An appropriate low gear,3
"Using the main brakes of your heavy vehicle continuously when driving downhill for long disables the brakes
due of:",Heat build-up,Break oil pressure,Slope steepness,1
"If the driver doesn't change quickly to a low gear as he starts to drive downhill, and the heavy vehicle gains speed:",It will be easy to change to a lower gear,It will be impossible to change to a lower gear to have more control over the vehicle,The driver will be able to overtake other vehicles safely,2
"As you drive your heavy vehicle uphill for a long period of time, you should:",Avoid  engine pressure build-up,Stick to driving on the left,"Prevent smaller vehicles from
overtaking you",1
"As you drive your heavy vehicle uphill for a long period of time, you should:",Check the fuel gauge continuously,"Keep to the extreme left as
much as possible","Keep to the extreme right as much as
possible",3
"If you are going to overtake a vehcile uphill with your heavy vehicle and it will take too long, you should:",Insist on overtaking,Go beyond the speed limit,Forget about overtaking the vehicle,3
"When you are about to drive your heavy vehicle off-road, you should:",Increase your speed a little,Plan your path carefully,"You should keep an
eye on the driver behind you",2
Eye contact at the intersection:,Helps drivers avoid misunderstandings,Is a sort of alert,Is a forum for drivers get to know one another,1
"As a safety driving rule and whenever possible, the driver should avoid:",Reversing,Slowing down gradually,Washing his vehicle frequently,1
"By law, the driver should yield the right of way to:",Speeding vehicles,Bus Schools flashing their hazard lights,Slow vehicles,2
"By law, the driver should yield the right of way to:","Vehicles that are already in the
roundabout","Vehicles that are entering a
roundabout",Vehicles located to the right of the vehicle,1
It is legal to parallel park a vehicle to the pavement on a single-lane two-way street:,To the right of the direction of driving for the vehicle,Doesn't matter as long as it doesn't hinder traffic,To the left of the road,1
Excessive eating:,Helps the driver drive more safely,Will impair the driver's ability to react properly and make the right decisions,Will allow the driver to maintain control of his vehicle while driving at very high speeds,2
Insufficient sleeping:,Helps improve reaction,Slows down his reactions during driving and causes him a slight loss of memory,Helps him to be alert,2
"In long trips, the driver must stop for
rest every:",10 hours,8 hours,4 hours,3
"In long trips, the driver must stop for
rest around every:",250 kilometers,750 kilometers,900 kilometers,1
Driving under the influence of alcohol:,Endangers driver’s life as well as the lives of others,Endangers others' lives only,Endangers the driver,1
"During very long trips, the driver should:","Consume amphetamines
regularly",Continue driving without rest,"Never consume amphetamines to stay
awake",3
The best way for a driver to know how a medical drug affects his driving is to:,Check with another driver,Check with his physician,Test it on another driver,2
"Driving under the influence of alcohol or drugs causes the driver a false
feeling of:",Fear,Courage and boldness,Outrage,2
"When you are about to overtake another vehicle, you should:",Rely on that vehicle light signals,"Never depend on
that vehicle’s driver hand gestures",Check the signals od the driver behind you,2
"Every heavy vehicle driver should be careful about his vehicle width
especially when he:",Enters narrow places,Stops for some rest,Loads his cargo,1
"When reversing, the driver of a heavy
vehicle should:","Reverse in crowded
places",Reverse in a tunnel,"Request help from a
driving assistant",3
"After filling up a tanker, the driver should check that:","All the lids and release valves are
securely fastened",Some of the lids are securely fastened,All release valves are securely fastened,1
The motorcyclist can protect himself by:,Wearing motorcycle protective gear,"Driving the
motorcycle on one wheel","Ensure that there is
insurance on the motorcycle",1
The motorcycle protective leather suit can resist:,Driving fast and straddling lanes,Friction with asphalt and small stones,Fire,2
Motorcycle gloves protect:,"the head when
falling","The hands from cold
and injuries",the legs when falling,2
Motorcycle boots protect:,The knees and thighs from cold,The feet from dust,"The feet from injury, water, and cold",3
The spine protective suit protect:,"The chest and abdomen from heat
and cold",The spine and spinal cord from the rain,The spine and spinal cord from injury,3
The protective eye glasses protect:,Ears from cold,"Eyes from rain, wind sand, and insects",Eyes from crying,2
The motorcyclist helmet protects:,"The hearing sense
from traffic noise","From fatal head
injuries",The spine,2
"If the motorcyclist wears the helmet improperly or fails to wear it while
driving, this behavior:",Is illegal,Is legal,Is normal,1
"If the motorcyclist just carries the helmet but does not wear it while
driving, the behavior:","Give the motorcyclist legal
protection","Does not give the motorcyclist legal
protection",Is wise,2
"While driving at night, the motorcyclist
should wear:",Dark colors,A fluorescent suit,A sports outfit,2
"To be seen while driving at night, the motorcyclist is advised to:",Attach luminous stripes,"Turn off his lights and attach luminous
stripes",Make squeaking noise with his brakes,1
"If the motorcycle is equipped with a hydraulic brake system, then the driver
should periodically:",Check the level of brake fluid,Limit the use of brakes,Check the level of brake line,1
"The tread depth of the motorcycle tires
should not be less than:",5 millimeters,3 millimeters,6 millimeters,2
"In order to steer the motorcycle freely,
the driver should:","Sit away from the
steering grips","Sit close to the
steering grips","Hold the steering grips
with one hand",2
"In order to avoid unintended speed increase, the motorcyclist should hold the steering grip in such a way that his:",Right wrist is upwards,Left wrist is upwards,Right wrist is downwards,3
"For motorcycles, the braking process is most effective when the motorcyclist
uses:",Back brakes only,Both back and front brakes,"His feet, by pressing them on the asphalt",2
"For motorcycles to avoid skidding while severe braking, the motorcycle should
be:",In a curve,At high speed,At an intersection,3
"Two causes for a motorcycle to squid
on the road:","Broken lights and
weak battery","Slippery road and
nervous reaction","Low speed and low
gear",2
"While driving your motorcycle at night, you should drive:",Slowly and maintain a shorter stopping distance,Slowly and maintain a longer stopping distance,"Fast, with your low beam on",2
"When the motorcycle vibrates in motion, it is often due to:","Uneven rotation of a least one wheel or
one tire","Even rotation of both wheels and
both tires",Bad distribution of the load,1
One of the main causes for motorcycle crash is the presence of:,Oil and pebbles on the road surface,Cars and pedestrians on the road,Policemen and traffic lights,1
To avoid motorcycle accidents at intersections you should:,Slow down and move to the appropriate lane,Depend on your mirrors,"Overtake from the right of the vehicles stoped at the
intersection",1
"A motorcyclist is legally allowed to pass
vehicles:",From their right side,From their left side,From any side,2
"When you overtake with your motorcycle a vehicle from the left side, you should always remember that this
vehicle may:",Decrease its speed gradually,Swerve left suddenly,Turn on its hazard lights,2
"While driving your motorcycle in a straight direction, you should always remember that an oncoming vehicle
may:",Swerve suddenly into your path,Stop suddenly on its path,Swerve suddenly away from your path,1
"If you have the habit of passing vehicles with your motorcycle in a zigzag manner, this means:","Your chances of being involved in an accident are much
higher","Your chances of being involved in an accident are much
lower",You are a safe driver,1
"When you drive your motorcycle with an intentionally emptied exhaust system producing a very loud noisy
sound, it:",Makes people respect your creative ideas,Is considered a clear traffic violation,Is legal,2
What are the environmental benefits of eco-friendly driving?,Reduction in local air pollutant levels,"Increase of greenhouse gas
emissions (CO2)",Reduction in road traffic,1
"How does eco-friendly driving maintain
the safety of the driver?",Improves road safety,"Improves driving
skills",All of the above,3
What are the social responsibility benefits of eco-driving?,Avoids stress while driving,"Increases comfort for drivers and
passengers",All of the above,3
What instrument should be used to monitor your speed on high-ways?,Cruise control,"Braking and
accelerating constantly",Sudden braking,1
"What is the optimal speed range for
eco-friendly driving?",80 km/h – 100 km/h,50 km/h - 80 km/h,40 km/h – 50 km/h,2
"What is the maximum RPM level that
should not be exceeded?",3000 RPM,4000 RPM,2000 RPM,3
What is the result of exceeding 2000 RPM?,It consumes more fuel,It consumes less fuel,"It increases the temperature of the
engine",1
What is the result of fast starts and hard braking?,Wastes fuel,Wears out tires and brakes more quickly,All of the above,3
"By how much is fuel consumption reduced when you change the oil and
oil filterd regularly?",1% to 2%,1% to 3%,2% to 3%,1
Which type of oil is best for the environment?,Energy-conserving oil which has additives that reduce friction,Energy-conserving oil which has additives that increase friction,Energy-conserving oil which has additives that eliminate friction,1
How do you ensure long-lasitng tyres?,Change the tires each year,"Check tire pressure at least once a month to preserve a low rolling
resistance",Check tire pressure at least once a year to preserve a low rolling resistance,2
What is the benefit of cleaning your air filters regularly?,"Improved engine performance by 6 to
11%",Reduce air pollution,All of the above,3
What shoud you do when your car stops moving for more than a minute?,Turn it off,Put it on neutral,Do nothing,1
How do you enhance the performance of your engine and reduce emission levels?,Change the engine’s water regularly,Use clean fuel that complies with international standards,Buy a new engine,2
"What should you always check after
filling your fuel tank?","Fuel tank cap is
securely closed",Fuel tank cap is open,"Car temperature is
stable",1
Why is it preferable to park in the shade?,"Reduces the pressure on the air
conditioner",Decreases fuel consumption,All of the above,3
"By how much does the frequent use of
air conditioning increase fuel consumption?",0.1,0.2,0.3,1
"Which of the following reduces fuel
consumption?","Driving during peak
times",Traveling Light,"Driving at random
speed",2
What is eco-friendly driving?,"Eco-Friendly Driving is the efficient use of fuel in road transportation through easy, smart, and socially responsible driving practices that help cut fuel consumption and reduce air pollution from land transportation.","Eco-Friendly Driving is the efficient use of fuel in road transportation through easy, smart, and socially responsible driving practices that help increase fuel consumption and air pollution from land transportation.",Eco-Friendly Driving is the efficient use of lighting in driving through a simple method and smart water consumption,1
"What does this sign mean? -
C:\DTA\signs\1.jpg","Caution, slippery
road ahead","Caution, speed
bumps ahead","Caution, uneven road
ahead",3
"What does this sign mean? -
C:\DTA\signs\3.jpg",Roundabout ahead,"Caution, left bend
ahead","Caution, right bend
ahead",3
"What does this sign mean? -
C:\DTA\signs\4.jpg",Vehicles can go left,"Caution, left bend
ahead","Caution, right bend
ahead",2
What does this sign mean? - C:\DTA\signs\5.jpg,"Caution, double lane road","Caution, double bend ahead, first
one to the left","Caution, double bend ahead, first one to the
right",3
What does this sign mean? - C:\DTA\signs\6.jpg,"Caution, double lane road","Caution, double bend ahead,  first
one to the left","Caution, double bend ahead,  first one to
the right",2
"What does this sign mean? -
C:\DTA\signs\10.jpg","Caution, narrow
road ahead","Caution, dangerous
slope","Caution, slippery road
ahead",3
"What does this sign mean? -
C:\DTA\signs\11.jpg",Unsecure crossing,No entry,"Caution, students or
school",3
"What does this sign mean? -
C:\DTA\signs\13.jpg",Stray animals,Animals not allowed,"Caution, animals",3
What does this sign mean? - C:\DTA\signs\14.jpg,Travel on the right side of the road,"Caution, intersetion without right of way","Caution, double lane road",3
"What does this sign mean? -
C:\DTA\signs\15.jpg","Caution, various
dangers",You cannot turn,"Caution, roundabout
ahead",3
What does this sign mean? - C:\DTA\signs\17.jpg,"Caution, intersection with no right of way","Caution, vehicles coming from the opposite direction have the right of
way","Caution, intersection ahead",3
What does this sign mean? - C:\DTA\signs\18.jpg,Merging with a freeway,"Caution, intersection with no right of way","Caution, vehicles coming from the opposite direction have the right of way",3
What does this sign mean? - C:\DTA\signs\19.jpg,"Caution, intersection on the right","Caution, intersection with no right of way","Caution, vehicles coming from the opposite direction have the right of way",2
"What does this sign mean? -
C:\DTA\signs\24.jpg",One-minute parking,End of speed limit,"Road with priority
right of way",3
"What does this sign mean? -
C:\DTA\signs\25.jpg","Not reserved for
pedestrians","No entry for
pedestrians","Caution, pedestrian
crossing",3
"What does this sign mean? -
C:\DTA\signs\26.jpg",Trolley crossing,No entry for bikes,"Caution, cycles
crossing",3
"What does this sign mean? -
C:\DTA\signs\29.jpg","Caution, wide road","Caution, narrow
road on the left","Caution, narrow road
ahead",3
"What does this sign mean? -
C:\DTA\signs\30.jpg",Priority to the right,"Narrow road on the
right","Caution, narrow road
on the left",3
What does this sign mean? - C:\DTA\signs\31.jpg,End of priority,"Caution, narrow road on the right","Caution, vehicles coming from the opposite direction have the right of way",2
"What does this sign mean? -
C:\DTA\signs\32.jpg",Mountainous area,"Caution, falling or
fallen rocks ahead","Caution, narrow road
ahead",2
What does this sign mean? - C:\DTA\signs\33.jpg,No entry to all types of motor vehicles,"Caution, electrical signs","Caution, roundabout ahead",2
What does this sign mean? - C:\DTA\signs\37.jpg,No entry,Give way - priority road ahead,"Caution, various dangers",3
What does this sign mean? - C:\DTA\signs\38.jpg,No entry,Give way - priority road ahead,"Caution, various dangers",2
What does this sign mean? - C:\DTA\signs\39.jpg,No entry,End of priority,"Caution, vehicles coming from the opposite direction have the right of way",2
What does this sign mean? - C:\DTA\signs\40.jpg,No overtaking for all kinds of vehicles,End of priority,"Caution, vehicles coming from the opposite direction have the right of way",3
"What does this sign mean? -
C:\DTA\signs\41.jpg",One lane road,No entry,Stop,3
"What does this sign mean? -
C:\DTA\signs\42.jpg",One Lane road,No parking,"No entry for all motor
vehicles",3
"What does this sign mean? -
C:\DTA\signs\43.jpg",Various dangers,No parking,No entry,3
What does this sign mean? - C:\DTA\signs\44.jpg,No overtaking allowed for trucks,"No overtaking
allowed for all kinds of vehicles",No entry,2
"What does this sign mean? -
C:\DTA\signs\45.jpg","Upper speed limit:
30 km/hour","Lower Speed limit:
80 km/hour","Give way - priority
road ahead",1
What does this sign mean? - C:\DTA\signs\46.jpg,Theatre,No parking,You are not allowed to sound your horn,3
"What does this sign mean? -
C:\DTA\signs\47.jpg","Road reserved for
trucks",Trucks can overtake,"Trucks cannot
overtake",3
"What does this sign mean? -
C:\DTA\signs\48.jpg",Animal carts allowed,"No entry for
pedestrians","No entry for animal
carts",3
What does this sign mean? - C:\DTA\signs\49.jpg,No entry to all types of motor vehicles,"Caution, Lane reserved for
pedestrians",No entry for pedestrians,3
"What does this sign mean? -
C:\DTA\signs\50.jpg","Compulsory path for
motor vehicles","Lane reserved for
bikes",No entry for bikes,3
"What does this sign mean? -
C:\DTA\signs\51.jpg",Cycles crossing,Motorbikes Lane,"No entry for
motorbikes",3
"What does this sign mean? -
C:\DTA\signs\52.jpg","Trolleys cannot be
parked here","Lane reserved for
trolleys",Not entry for trolleys,3
What does this sign mean? - C:\DTA\signs\53.jpg,No parking,Road reserved for motor vehicles,No entry to all types of motor vehicles,3
What does this sign mean? - C:\DTA\signs\55.jpg,"No entry to trucks exceeding 2.3m in
height",No entry for trucks,"No entry to cars exceeding 2.3m in
width",3
What does this sign mean? - C:\DTA\signs\56.jpg,Compulsory direction for trucks,"No entry to trucks exceeding 3.5  tons
in weight","No entry to trucks exceeding 3.5 m in
height",3
What does this sign mean? - C:\DTA\signs\57.jpg,Cargo cannot exceed 10m,"No entry to trucks carrying more than
6.5 tons of cargo",No entry to trucks exceeding 10m in height,3
What does this sign mean? - C:\DTA\signs\58.jpg,"No entry to trucks
exceeding 7m  in height","No entry to trucks
exceeding 7 tons/wheel","No entry to trucks
carrying more than 7 tons of cargo",3
"What does this sign mean? -
C:\DTA\signs\60.jpg","Start of restriction
signs",No speeding,End of restriction sign,3
"What does this sign mean? -
C:\DTA\signs\61.jpg",Speed limit,Start of speed limit,End of speed limit,3
What does this sign mean? - C:\DTA\signs\62.jpg,Compulsory direction to the left,You cannot turn right,Turn right,3
What does this sign mean? - C:\DTA\signs\63.jpg,You can go straight or turn right,You cannot turn left,Turn left,3
"What does this sign mean? -
C:\DTA\signs\64.jpg","You cannot go right
or left",You must go straight,"You can turn right or
left",3
"What does this sign mean? -
C:\DTA\signs\65.jpg",Trucks must go right,You cannot turn left,"You can go straight or
turn right",3
What does this sign mean? - C:\DTA\signs\66.jpg,You cannot go left,Compulsory direction to the left,You can go straight or turn left,3
"What does this sign mean? -
C:\DTA\signs\67.jpg",You can go right,Freeway lane,"Compulsory direction
to the left",3
What does this sign mean? - C:\DTA\signs\68.jpg,You must go straight,You cannot turn right,Compulsory direction to the right,3
What does this sign mean? - C:\DTA\signs\69.jpg,You cannot turn right or left,Vehicle can only turn right,Compulsory direction to the right or the left,3
What does this sign mean? - C:\DTA\signs\71.jpg,"Lane reserved for pedestrians and
bicycles",Lane reserved for bicycles,End of bicycle track,3
What does this sign mean? - C:\DTA\signs\72.jpg,"No entry for
pedestrians and bicycles","Lane reserved for
pedestrians and bicycles",End of bicycle track,2
What does this sign mean? - C:\DTA\signs\75.jpg,Compulsory direction to the right,Traffic direction,You cannot turn right,3
"What does this sign mean? -
C:\DTA\signs\76.jpg",Compulsory turn,Traffic direction,You cannot turn,3
"What does this sign mean? -
C:\DTA\signs\77.jpg","End of no bus
overtaking zone","Lane reserved for
buses",No entry to buses,3
What does this sign mean? - C:\DTA\signs\78.jpg,"No entry to trucks
exceeding 6.5 tons in weight",Lane reserved for trucks,No entry to trucks,3
What does this sign mean? - C:\DTA\signs\79.jpg,Compulsory direction for trucks,Trucks cannot park here,"No entry to trucks carrying more than
6.5 tons of cargo",3
What does this sign mean? - C:\DTA\signs\80.jpg,Compulsory direction for trucks,No entry for trucks carrying Hazardous Material,Not entry to trailer trucks,3
What does this sign mean? - C:\DTA\signs\81.jpg,One-minute parking for agricultural machinery,Road reserved  for agricultural machinery,Agricultural machinery not allowed,3
What does this sign mean? - C:\DTA\signs\84.jpg,End of no overtaking for trucks,End of no overtaking zone,"Caution, two-lane road",2
What does this sign mean? - C:\DTA\signs\85.jpg,Trucks only,"End of no
overtaking for trucks","Caution, two lane road",2
What does this sign mean? - C:\DTA\signs\86.jpg,No parking,No overtaking for all kinds of vehicles,No entry,1
"What does this sign mean? -
C:\DTA\signs\87.jpg","No stopping and no
parking",No parking,No entry,1
"What does this sign mean? -
C:\DTA\signs\88.jpg","No parking in this
zone","No entry in this
direction",You must go straight,3
"What does this sign mean? -
C:\DTA\signs\89.jpg","No parking on the
left",You cannot turn left,Direction to the left,3
"What does this sign mean? -
C:\DTA\signs\90.jpg","No parking on the
right","You cannot turn
right",Direction to the right,3
"What does this sign mean? -
C:\DTA\signs\91.jpg",Parking zone,Roundabout ahead,You cannot turn,2
What does this sign mean? - C:\DTA\signs\92.jpg,"You cannot park for
more than 30 minutes",Mandatory upper speed,Mandatory lower speed,3
What does this sign mean? - C:\DTA\signs\93.jpg,Maximum speed: 30 km/h,"You cannot park for more than 30
minutes",End of mandatory lower speed,3
What does this sign mean? - C:\DTA\signs\94.jpg,"Caution, slippery road ahead",Tyre chains must be removed,Vehicles equipped with metal chains only,3
"What does this sign mean? -
C:\DTA\signs\95.jpg",Park,"No entry for
pedestrians","Lane reserved for
pedestrians",3
What does this sign mean? - C:\DTA\signs\96.jpg,Lane reserved for pedestrians,Upper ground pedestrian crossing,End of pedestrian Lane,3
"What does this sign mean? -
C:\DTA\signs\97.jpg","No parking for
bicycles",No entry for bicycles,Bicycles track,3
What does this sign mean? - C:\DTA\signs\98.jpg,Compulsory direction to the left,No parking on the left,Cannot turn left,3
What does this sign mean? - C:\DTA\signs\99.jpg,"Caution, moving bridge ahead","Two- lane road connected to a
bridge",Hospital,3
"What does this sign mean? -
C:\DTA\signs\100.jpg","Caution, no entry to
pedestrians","End of pedestrian
lane","Caution, pedestrian
crossing",3
"What does this sign mean? -
C:\DTA\signs\104.jpg",No entry for bicycles,"Lane reseved for
bikes",Bicycle track,2
"What does this sign mean? -
C:\DTA\signs\106.jpg",Lanes merge ahead,"Merger with a
freeway ahead",Dead end road,3
"What does this sign mean? -
C:\DTA\signs\107.jpg","Caution, airport
runway","Caution, bridge",Highway,3
"What does this sign mean? -
C:\DTA\signs\108.jpg","Bridge above the
road",End of freeway,"Caution, narrow road
ahead",2
"What does this sign mean? -
C:\DTA\signs\109.jpg",Bridge,Tunnel,"Caution, rough road
ahead",2
"What does this sign mean? -
C:\DTA\signs\111.jpg",For doctors only,"Parking for the
disabled",Help center,3
"What does this sign mean? -
C:\DTA\signs\112.jpg","No parking for the
disabled",One-minute parking,"Parking reserved for
the disabled",3
"What does this sign mean? -
C:\DTA\signs\113.jpg",Parking,One-minute parking,Parking not allowed,2
What does this sign mean? - C:\DTA\signs\116.jpg,Parking for all - not more than two taxi cars allowed,Taxis not allowed to park here,Taxi stop,3
"What does this sign mean? -
C:\DTA\signs\117.jpg",Remove immediately,Inquiries,Police,3
"What does this sign mean? -
C:\DTA\signs\118.jpg",Internet Center,Petrol station,Inquiries,3
"What does this sign mean? -
C:\DTA\signs\119.jpg","Parking reserved for
the police",Fire Brigade,Municipality police,3
What does this sign mean? - C:\DTA\signs\121.jpg,Dangerous interesection ahead,Indirect turn to the left,Freeway,3
"What does this sign mean? -
C:\DTA\signs\127.jpg",Parking,One-minute parking,No parking,1
"What does this sign mean? -
C:\DTA\signs\128.jpg",Repair Center,Restaurant,Hotel,3
"What does this sign mean? -
C:\DTA\signs\129.jpg",Refreshments,Restaurant,Inquiries,2
"What does this sign mean? -
C:\DTA\signs\132.jpg",Petrol station,Public phone,Restaurant,2
"What does this sign mean? -
C:\DTA\signs\133.jpg",Petrol station,Repair Center,Restaurant,1
What does this sign mean? - C:\DTA\signs\134.jpg,Lane reserved for buses,Buses are not allowed to stop here,Bus parking,3
"What does this sign mean? -
C:\DTA\signs\136.jpg",Help Center,"Camping & camping
cars zone",No parking,2
"What does this sign mean? -
C:\DTA\signs\139.jpg",Reduce Speed,"Indirect bend to the
left",Bend ahead,3
"What does this sign mean? -
C:\DTA\signs\141.jpg",Reduce Speed,"Indirect bend to the
left",Bend ahead,2
"What does this sign mean? -
C:\DTA\signs\2.jpg","Caution, right bend
ahead","Caution, road
Bumps ahead","Caution, uneven roads
ahead",2
"If the road is divided into two lanes with solid lines or other lane seperator,
the driver:",Should travel in the opposite direction,Should cross these lines and drive on it,"Should not cross these lines or other lane
seperators",3
"In case of normal traffic, the driver
should:","Keep to the left side
of the road","Cross the dividing
lines to overtake","Keep to the right side
of the road",3
Pavements  are intended:,"To park vehicles, when parking is allowed",To put anything that obstructs the use of the pavement,"To be used by pedestrians, children trolleys, the sick , and the disabled",3
"When drastically changing  speed or direction, the driver should:",Cross the solid line if the solid line is on his left,Cross the broken line without any signaling,"Check there is no danger, and give appropriate signals to
other road users",3
Sudden braking is allowed only:,If the driver needs to stop the car,If the driver needs to test the brakes,In case of danger,3
The driver should keep to:,"The left, when another driver is overtaking him","The left, when another vehicle is heading towards him way from the opposite direction","The right, when another vehicle is heading towards him way from the opposite direction",3
Drivers are strictly prohibited to:,Overtake from the left when there is enough visibility,Travel on the right side of the road when another vehicle is heading towards him from the opposite direction,"Overtake  traveling military or police motorcades, or other processions",3
Drivers are strictly prohibited to:,Move slowly on the left side of the road,Travel in the designated direction,Drive in neutral with the intention to drive the vehicle solely through downforce,3
Drivers are strictly prohibited to:,Check there is no danger before overtaking,Travel in the designated direction,Make a U-turn in the middle of the road in a populated area,3
Drivers are strictly prohibited to:,"Check there is no danger before
overtaking",Travel in the designated direction,"Travel in other than the designated
direction",3
Drivers are strictly prohibited to:,Travel on the right side of the road,"Check there is no danger before
overtaking",Wash their vehicles on the freeway,3
The driver:,Should not take into consideration the condition of the road or the traffic density,Should increase his speed when visibility is low,"Should reduce his speed or stop completely when the conditions surrounding him dictate so, especially when visibility is really bad",3
The driver should:,Take the left,"Overtake from the right on single lane
roads",Overtake from the left,3
"When a driver is passing a vehicle, the driver should:",Keep to the midlde if it is a single lane road,Keep to the left side of the  road as much as possible with other road users around,Keep to the right side of the  road as much as possible with other road users around,3
"Before overtaking, the driver should:",Should not take into consideration driving decorum when in populated areas,"Overtake, even if the driver behind have have already initiated a similar overtake",Check that drivers behind him have not initiated a similar overtake,3
"Before overtaking, the driver should:",Know that he has the right to overtake even if the driver behind him is overtaking him,Not alert the driver that he is about to overtake,Alert the driver he is about to overtake,3
"When overtaking, the driver should:",Not keep to the right immediately before overtaking,"Use the left side of the road, even if it disaccommodate drivers traveling on the opposite direction",Use the left side of the road without disaccommodating drivers traveling on the opposite direction,3
"As an exception to the rule, overtaking from the right is allowed:",If the driver signals that he is moving to the right,Overtaking from the right is not allowed,"On roads that accomomdate more than two lanes, provided that the driver's movement between lanes does accommodate or does not put other road users at risk",3
It is prohibited to overtake:,"A vehicle from the left, if the road is marked with broken
lines",If the road is broken into multiple lanes with broken lines,On bends,3
It is prohibited to overtake:,On single-lane roads,"From the right, whatever the case
may be",On bridges and in tunnels,3
It is prohibited to overtake:,If the left side of the road will be clear after the overtake,"If the vehicle you are overtaking is traveling on the
right side of the road",In case vehicles have stopped because of a traffic obstruction or a sign to do so,3
It is prohibited to overtake:,When the width of the road make for a very easy and safe overtake,If the road is broken into multiple lanes with broken lines,"At the top edge of ascents, when there is not enough visibility ahead, and when the left side of the road will be clear after the takeover",3
"If a police car, ambulance, or fire truck gives a signal of approaching, other road users should:",Stop immediately where they are so as to ease the movement of such vehicle,Increase their speed so as to ease the movement of such vehicle,"Reduce their speed, and if need be, stop or move aside so as to ease the movemen of such vehicle",3
It is prohibited to overtake:,On wide roads,If the road is broken into multiple lanes with broken lines,On narrow or steep mountain road,3
"On approaching an intersection, the driver should:","Keep moving without checking first that the road is
clear",Keep to the right side of the road,Check that the road he is about to cross is clear,3
"A driver who is about to leave the road he is on to another road on the right
should:","Tilt a little to the left but remain on the
road",Keep to the left side of the road,Keep to the right side of the road,3
"A driver who is about to leave the road he is on to another road on the left
should:","Keep to the middle, without tilting left or
right","Tilt a little to the right but remain on
the road","Tilt a little to the left but remain on the
road",3
"When the driver is about to leave on road and get on another one, the driver should:",Titlt slowly to the right,Make the appropriate turn with utmost speed so as not to misaccommodate others,"Make the turn with moderate speed, after having checked that it is possible to do so withoout misaccommodating or putting others at risk",3
"It is best to keep a ""safe Distance"":",From the left and the right sides only,From the front and the end sides only,From all sides of the vehicle,3
"It is important to allow a ""safe distance"" because","It gives other vehicles a chance to
enter the lane","It prevents distraction with
other vehicles","It gives drivers the time to react to what
happens",3
A solid green light at the intersection means:,You should stop and check traffic in the other direction before you carry on,You cannot turn right,You can cross the intersetion if it is posisble,3
A flashing yellow light means:,You can carry on if the road is clear,You should stop and carry on only when the road is clear,Reduce your speed and carry on cautiously,3
A yellow light on the intersection means:,Go ahead,Reduce your speed and be ready to stop,Stop,2
If you have a flat tyre while you're traveling:,Let the steering wheel take the reigns,"Release the accelerator to allow the vehicle to slow down, keep the steering wheel straight, and pull off the road","Press on the brakes to slow down, and pull off the road",2
"If the lights of the vehicle traveling on the opposite direction are bothering you, you should:",Look towards the middle of the road,Look towards the left side of the road,"Look down, and towards the right side of the road",3
In case of vehicle break-down on the highway,Wait inside the vehicle until the road assistance vehicle reaches you,Place the warning triangle and turn on the headlights to warn other drivers,Place the warning triangle and activate all four signal lights to warn other drivers,3
"When you enter a highway, you should:",Slow down,Drive below the speed limit,Drive within the highway traffic speed,3
If the road is marked with one solid line and one broken line:,"The driver may change lanes if the broken line is to the
left","The driver may not change lanes if the broken line is to the
right","The driver may not change lanes if the broken line is to the
left",3
"If a vehicle is pressing behind you, and you are on the left lane on a freeway, you should:",Speed up,"Press the brakes intermittently to drive the other vehicle to move
away","Move to the right lane, and adjust your speed to the traffic speed on that lane",3
"If your brakes stops working while you are on the road, you should:",Turn off the engine,Head directly to a repair shop,"Quickly press on the
brakes with high frequency",3
"In case of bad weather, the driver should:",Drive at the upper speed limit,Drive below the upper speed limit so as to accommodate road conditions,Drive at the upper speed limit and turn on the lights,2
"The driver needs a bigger ""safe
distance"":","Where there are
other cars in front",On dry roads,On wet roads,3
Pavements  are intended:,To put away anything that obstructs the use of the road,"To park vehicles, when parking is allowed","To be used by pedestrians, children trolleys, by the sick and the disabled",3
"Rear brake lights alert other drivers
that you are:",Entering a bend,Changing lanes,"Slowing down or
stopping",3
"On a four-way intersection, the vehicle that goes first is:",The vehicle that arrived first,The vehicle that is turning right,"The vehicle that arrived first and already entered the
intersection",3
You should stop when you see:,A solid yellow light,"A flashing yellow
light",A flashing red light,3
"When you are sharing the road with a truck, it would be good to remember that trucks:",Require a smaller turning radius,Require less time to overtake in descents,"Need a bigger safe distance with other vehicles to be able to
stop",3
"When turning right at the green light, you should:","Slow down to be
able to make the turn",Carry on on the same lane,Give way to pedestrians,3
"You can refrain from taking the drug or
alcohol test:",In emergency cases,If you are under 21,"No, you cannot in any
case it may be",3
"When driving in the fog, you should
turn on the:",High beam,"Hazard lights,
and/or low beam","Hazard lights, and/or
high beam",2
When overtaking on a multiple-lane highway:,No need to give a signal,Keep your eyes on the parallel lane,"Make sure there is enough gap in the lane you want to
move to",3
When you are taking a curve:,Maintain the speed of your veihcle,Increase the speed of your vehicle,Decrease the speed of your vehicle,3
If the traffic lights are not working:,Give the right of way to the driver on the left,Stop and wait until the police gets to the intersection,Act as if you are at an intersection without traffic lights,3
When a truck is trying to overtake your vehicle:,Change lanes,Increase your speed,Maintain or decrease your speed,3
"if you are moving behind a motorcycle, you should:",Allow the motorcycle to use half the lane,Overtake the motorbike on the same lane,Allow the motorbike to use the entire width of the lane,3
If two drivers are approaching an intersection from opposite directions,Each will go on his way without giving priority to the other,The driver coming from the left should give the right of way to the other driver,The driver coming from the right should give the right of way to the other driver,2
"Before overtaking, entering a curve, or being overtaken, you should","Reduce your speed, give a  signal to other drivers, and check the mirrors","Reduce your speed, give a  signal as you take the other lane","Slow down, give enough signal to other road users, and check the mirrors and the blind spots",3
"When overtaking, the driver should:","Disaccommodate drivers traveling on
his right",Use the right side of the road,Use the left side of the road,3
"When a vehicle is turning and a pedestrian is crossing the street, and there is no traffic light, who has the
right of way?",Whomever goes faster and reachs first,The vehicle,The pedestrian,3
Ice forms quickly on roads that:,Are plane,"Have an uneven
surface, with lots of bends",Are shaded,3
Drivers are strictly prohibited to:,Travel in other than the designated direction,Stay awake and in control of their vehicles,Check there is no danger before overtaking,1
Drivers are strictly prohibited to:,Travel on the right side of the road,Wash their vehicles on the higway,"Check there is no danger before
overtaking",2
Drivers are strictly prohibited to:,Travel in the designated direction,Make a U-turn on the high way,"Check there is no danger before
overtaking",2
Common logic dictates that you should not:,Go beyond the upper speed limit of 80 km/hour,Go beyond the indicated speed limit,"Go faster than what is appropriate to the road you are traveling
on",3
You can exit the road to overtake another vehicle,If the vehicle in front is turning left,If the road or pedestrian lane can accomomdate you vehicle,"No, you cannot in any case it may be",3
You can carry on on a yellow light if you are:,"Behind a vehicle that has the right of way (ambulance, civil defence, firetruck)",Turning right,Already in the intersection,3
Drivers are strictly prohibited to:,Travel on the right side of the road,"Repair vehicles on the freeway, except in extreme situations",Check there is no danger before overtaking,2
The driver should keep to the extreme right:,When the driver is traveling below traffic speed,When the driver wants to overtake another vehicle,When the driver has enough visibility ahead,1
"Drivers who have had their drivers' license for more than three years, should not drive under the influence of alcohol where the level of alcohol in their blood exceeds:",0.3 grams/liter,0.4 grams/liter,0.5 grams/liter,3
"In the first three years of having a drivers' license, the level of alcohol in the blood should not exceed:",0 grams/liter,0.3 grams/liter,0.5 grams/liter,1
It is strictly prohibited for drivers to:,Use any communication devices,Use one hand to drive and the other to answer the phone,"Use both hands to drive, and answer the call using bluetooth technology",1
"Where there is no speed limit signs,
the upper speed limit on the freeway is:",80 km/hour,100 km/hour,120 km/hour,2
"Where there is no speed limit signs, the upper speed limit outside
populated areas is:",50 km/hour,60 km/hour,70 km/hour,3
"Where there is no speed limit signs, the upper speed limit inside populated
areas is:",40 km/hour,50 km/hour,60 km/hour,2
"You can reverse on the freeway if the exist is near, provided you do not go
faster than:",10 meters,20 meters,You cannot reverse at all,3
"On a normal road, you place the warning triangle in front or behind the vehicle, depending on the direction of traffic, at the following distance from the vehicle:",20 meters,30 meters,40 meters,2
"On the freeway, you place the warning triangle in front or behind the vehicle, depending on the direction of traffic, at the following distance from the vehicle:",50 meters,60 meters,70 meters,1
Pedestrians should use pavements and pedestrians crossings and paths when they are at a distance of:,130 meters,150 meters,170 meters,2
"When the driver causes an accident, and even if damages are material damages only:","The driver has the right to flee the scene and avoid
responsibility",The driver should carry on driving,The driver should stop and take care of the victim,3
If the brake lights are down:,"The car may be
impounded","This is a Class 2
violation",All of the above,3
The shelf life of tyres does not exceed:,"4 years from manufacturing date or 1.6 mm thread thickness, whichever comes first","5 years from manufacturing date or 1.6 mm thread thickness, whichever comes
last","6 years from manufacturing date or 1.6 mm thread thickness, whichever comes first",3
"When the traffic light is green, but traffic is congested, road users should:",Move slowly so as not to obstruct traffic,Cross the green light quickly,Refrain from crossing the green light if it would obstruct traffic,3
"A power of attorney to sell a vehicle is
valid for not more than:",One month,Three months,Two months,3
A broken line on the road means:,"You can travel on
the line","You cannot cross
the line",You can cross the line,3
Vehicles of all types cannot be fitted in the front with lights other than:,Blue or yellow,White or blue,White or yellow,3
"If the road is divided into two lanes with a yellow line, the driver should, in normal traffic situation:",Use the middle lane,Use the left lane,Use the right lane,3
If the lane is marked with a solid yellow line and a broken yellow line:,"The driver can change lane if the solid line is to the right, and cannot change lane if the broken line is to the
right",The driver cannot change lane if the solid or borken line is to the right,"The driver can change lane if the broken line is to the right, and cannot change lane if the solid line is to the right",3
"The driver should give the right of way
to:",Vehicles,Trucks,Pedestrians,3
"In steep descents, the right of way
goes to:","It depends on the
road itself","Vehicles moving
upwards","vehicles moving
downwards",2
"Inside cities, you should always keep a
safe distance of:",1 second,2 meters,2 seconds,3
"In entering a roundabout, the right of way is for:",The vehicle on the left,The vehicle on the right,"The vehicle that is already in the
roundabout",3
Overtaking is not allowed in:,Mutliple lane tunnels,Double lane tunnels,Single lane tunnels,3
"In case of road works, the driver
should:","Turn on his vehicle
lights",Drive fast,Reduce speed,3
"Children below the age of five should
be seated:",In their parents laps,In the back seats,In child seats,3
"When vehicles are still approaching an intersection, the right of way is always for the driver coming from:",Inside the intersection,The left,The right,3
"When overtaking a motorbike, the driver should keep a side distance of
no less than:",65 CM,70 CM,75 CM,3
"When overtaking another vehicle, the driver should keep a side distance of
no less than:",45 CM,60 CM,50 CM,3
Drivers are prohibited to obstruct traffic by:,Stopping slowly,Travelling below the lower speed limit,"Stopping suddenly without a valid reason
to do so",3
"When you meet head-on with another
vehicle on a two-way road, who should reverse?",Heavy vehicles for a single vehicle,A group of vehicles for a single vehicle,A single vehicle for a group of vehicles,3
Who has the right of way on a three forked road?,The driver who proceeds cautiously,The driver on the right side,The driver who is on the straight lane,3
"When you see on the freeway a sign that indicates that there is a road diversion or that the lane you are on will lead you to another direction, all drivers wishing to exist the lane should:",Swerve very quickly to the lane that will take them to the desired direction to avoid obstructing traffic,Swerve immediately left or right to the lane that will take them to the desired direction to avoid obstructing traffic,Swerve gradually left or right to the lane that will take them to the desired direction,3
Seat belts should be fastened by passengers sitting:,"In the front and back seats when on the highway, in all types of vehicles","In the front seats, in all types of vehicles","In the front and back seats, in all types of vehicles and on all roads",3
"When the traffic policeman lifts his
hand vertically, it means:","You have to slow
down","Traffic ahead has
come to a halt","""Careful and stop"" to
all road users",3
"When the traffic policeman's both hands are stretched horizontally, it means:","""Slow down"" -- for all road users coming from directions that cross with the strecthed hands directions","""Make Way"" -- for all road users coming from directions that cross with the strecthed hands directions","""Stop"" -- for all road users coming from directions that cross with the strecthed hands directions",3
Every vehicle should be fitted with,A registration plate at the back side of the vehicle,"Two registration plates with the vehicle number, at front or back side of the vehicles","Two registration plates with the vehicle number, at the front and back sides of the vehicles",3
"Up until the age of 50, the driver should renew his driving license, every",20 years,5 years,10 years,3
Warning sounds can be used only:,To alert other drivers that they should move quickly,To escape heavy traffic,To alarm other road users so as to avoid accidents,3
In case there is no sign that indicates which side of the vehicle should be used to step out of the vehicle,"The passenger should step out from the side that is easier for his movement and that he deems
appropriate",The passenger should step in and out of the vehicle from the door that is on the same side of traffic,The passenger should step in and out of the vehicle from the door that is on the other side of traffic,3
"When the driver waives his hand up
and down, it means:",Car brekadown,Direction to the left,Slow down and stop,3
"When the driver streches his hand
horizontally, it means the driver is:",Reversing,Slowing down,Turning left,3
"When the driver streches his hand
vertically, it means:",Stop,Direction to the left,Direction to the right,3
Vehicles turning right can cross a red light provided:,They do it quickly,Vehicles turning right cannot cross a red light,"They stop at the traffic light, make sure they can cross without putting pedestrians and  vehicles at risk",3
When the road is marked with solid lines:,"The driver can change lanes, but has to do it quickly","The driver can change lanes, provided he makes sure there is enough gap in the other lane",The driver cannot change lanes,3
"Children under           cannot sit in the
front seat:",10 years,12 years,8 years,1
It is strictly prohibited to throw stuff from the vehicle as this would:,Obstruct policemen,"Cause road markings to fade
away","Cause accidents, and clog water drainage
system",3
What is the difference between yellow lines and white lines when they are in the middle of the road?,"Yellow lines are used on road sides only, whereas white lines are used to mark vehicle lanes",Yellow lines are used for one-way roads whereas white lines are used for two-way streets,"White lines demarcate lanes that go in the same direction, yellow lines are demarcate lanes that go in opposite directions",3
"Drivers cannot stop and park within a distance of             from the top edge of ascent, curb, intersection, roundabout, and traffic light",50 meters,30 meters,25 meters,3
Drivers are strictly prohibited to:,Transport expired bottles or cans o alcohol,"Transport in their vehicles bottles or cans of  alcohol that have the
manufacturer seal",Transport in their vehicles unsealed bottles or cans of alcohol,3
Drivers should stop and park:,On white pedestrian crossing  stripes,"After white
pedestrian crossing stripes","Before white
pedestrian crossing stripes",3
Drivers are strictly prohibited to:,"Cross white broken
lines","Travel between
white lines",Travel on white lines,3
